code,name,category,department,target_text,student_type,grade1,grade2,grade3,grade4,grade5,is_strict
2150011701,(외국인을위한)한류와대중문화의이해,GENERAL_ELECTIVE,교양교육운영팀,전체학년 ;순수외국인입학생 (대상외수강제한),1,1,1,1,1,1,1
2150011702,(외국인을위한)한류와대중문화의이해,GENERAL_ELECTIVE,교양교육운영팀,전체학년 ;순수외국인입학생 (대상외수강제한),1,1,1,1,1,1,1
2150011703,(외국인을위한)한류와대중문화의이해,GENERAL_ELECTIVE,교양교육운영팀,전체학년 ;순수외국인입학생 (대상외수강제한),1,1,1,1,1,1,1
2150011704,(외국인을위한)한류와대중문화의이해,GENERAL_ELECTIVE,교양교육운영팀,전체학년 ;순수외국인입학생 (대상외수강제한),1,1,1,1,1,1,1
2150011801,(외국인을위한)한국어학의이해,GENERAL_ELECTIVE,교양교육운영팀,전체학년 ;순수외국인입학생 (대상외수강제한),1,1,1,1,1,1,1
2150011802,(외국인을위한)한국어학의이해,GENERAL_ELECTIVE,교양교육운영팀,전체학년 ;순수외국인입학생 (대상외수강제한),1,1,1,1,1,1,1
2150011803,(외국인을위한)한국어학의이해,GENERAL_ELECTIVE,교양교육운영팀,전체학년 ;순수외국인입학생 (대상외수강제한),1,1,1,1,1,1,1
2150011901,(외국인을위한)디지털시대의글쓰기,GENERAL_ELECTIVE,교양교육운영팀,전체학년 ;순수외국인입학생 (대상외수강제한),1,1,1,1,1,1,1
2150011902,(외국인을위한)디지털시대의글쓰기,GENERAL_ELECTIVE,교양교육운영팀,전체학년 ;순수외국인입학생 (대상외수강제한),1,1,1,1,1,1,1
2150017601,Advanced Writing and speaking English I,GENERAL_ELECTIVE,벤처경영학과(계약학과),전체,0,1,1,1,1,1,0
2150017801,PC활용,GENERAL_ELECTIVE,벤처경영학과(계약학과),전체,0,1,1,1,1,1,0
2150045001,심리학개론,GENERAL_ELECTIVE,벤처경영학과(계약학과),전체,0,1,1,1,1,1,0
2150045401,현대사회이슈와공동체리더십,GENERAL_ELECTIVE,교양교육운영팀,전체학년 전체,0,1,1,1,1,1,0
2150045901,시민교양을위한정치철학:한나아렌트,GENERAL_ELECTIVE,교양교육운영팀,전체학년 전체,0,1,1,1,1,1,0
2150046001,4차산업혁명과창업,GENERAL_ELECTIVE,교양교육운영팀,전체학년 전체,0,1,1,1,1,1,0
2150049501,철학으로만나는기독교,GENERAL_ELECTIVE,교양교육운영팀,전체학년 ;순수외국인입학생 (대상외수강제한),1,1,1,1,1,1,1
2150049502,철학으로만나는기독교,GENERAL_ELECTIVE,교양교육운영팀,전체학년 전체,0,1,1,1,1,1,0
2150049503,철학으로만나는기독교,GENERAL_ELECTIVE,교양교육운영팀,전체학년 전체,0,1,1,1,1,1,0
2150049601,한국사회변동과기독교,GENERAL_ELECTIVE,교양교육운영팀,전체학년 전체,0,1,1,1,1,1,0
2150049702,기독교심리:마음을만나다,GENERAL_ELECTIVE,교양교육운영팀,전체학년 전체,0,1,1,1,1,1,0
2150049801,"세계지도와기독교,동서문화교류",GENERAL_ELECTIVE,교양교육운영팀,전체학년 전체,0,1,1,1,1,1,0
2150051101,인문고전으로서의성서읽기-구약편,GENERAL_ELECTIVE,기독교학과,국내대학 학점교류생 제외,0,1,1,1,1,1,0
2150051201,창의융합인재되기3code전략,GENERAL_ELECTIVE,교양교육운영팀,전체학년 전체,0,1,1,1,1,1,0
2150051401,한국어문화문법을통한한국문화의이해,GENERAL_ELECTIVE,국어국문학과,전체학년 전체 (대상외수강제한),0,1,1,1,1,1,1
2150053601,자율주행소프트웨어,OTHER,AI융합학부,전체,0,1,1,1,1,1,0
2150056601,미래사회와인간의마음이해,GENERAL_ELECTIVE,교양교육운영팀,전체학년 전체,0,1,1,1,1,1,0
2150057401,프로그래밍기초(Python),GENERAL_ELECTIVE,SW교육팀,"IT융합전공, 컴퓨터, 소프트, AI융합, 글로벌미디어, 정보보호학과 제한",0,1,1,1,1,1,0
2150057402,프로그래밍기초(Python),GENERAL_ELECTIVE,SW교육팀,"IT융합전공, 컴퓨터, 소프트, AI융합, 글로벌미디어, 정보보호학과 제한",0,1,1,1,1,1,0
2150057601,오픈소스를활용한실전창업,GENERAL_ELECTIVE,SW교육팀,"2학년 
3학년 
4학년 (대상외수강제한)",0,0,1,0,0,0,1
2150057601,오픈소스를활용한실전창업,GENERAL_ELECTIVE,SW교육팀,"2학년 
3학년 
4학년 (대상외수강제한)",0,0,0,1,0,0,1
2150057601,오픈소스를활용한실전창업,GENERAL_ELECTIVE,SW교육팀,"2학년 
3학년 
4학년 (대상외수강제한)",0,0,0,0,1,0,1
2150059901,미래융합기술세미나(Entrepreneurship),GENERAL_ELECTIVE,SW교육팀,전체,0,1,1,1,1,1,0
2150060501,(외국인을위한)학술적글쓰기,GENERAL_ELECTIVE,교양교육운영팀,"2학년 ;순수외국인입학생
3학년 ;순수외국인입학생
4학년 ;순수외국인입학생
5학년 ;순수외국인입학생 (대상외수강제한)",1,0,1,0,0,0,1
2150060501,(외국인을위한)학술적글쓰기,GENERAL_ELECTIVE,교양교육운영팀,"2학년 ;순수외국인입학생
3학년 ;순수외국인입학생
4학년 ;순수외국인입학생
5학년 ;순수외국인입학생 (대상외수강제한)",1,0,0,1,0,0,1
2150060501,(외국인을위한)학술적글쓰기,GENERAL_ELECTIVE,교양교육운영팀,"2학년 ;순수외국인입학생
3학년 ;순수외국인입학생
4학년 ;순수외국인입학생
5학년 ;순수외국인입학생 (대상외수강제한)",1,0,0,0,1,0,1
2150060501,(외국인을위한)학술적글쓰기,GENERAL_ELECTIVE,교양교육운영팀,"2학년 ;순수외국인입학생
3학년 ;순수외국인입학생
4학년 ;순수외국인입학생
5학년 ;순수외국인입학생 (대상외수강제한)",1,0,0,0,0,1,1
2150066301,AI시대의경제통상이해,GENERAL_ELECTIVE,글로벌통상학과,전체학년,0,1,1,1,1,1,0
2150066501,현대음악의이론과실제,GENERAL_ELECTIVE,벤처경영학과(계약학과),전체,0,1,1,1,1,1,0
2150069101,글로벌이슈와시민역량,GENERAL_ELECTIVE,교양교육운영팀,전체학년 전체,0,1,1,1,1,1,0
2150069301,공기업취업전략과현장이해,GENERAL_ELECTIVE,교양교육운영팀,전체학년 전체,0,1,1,1,1,1,0
2150070801,스타트업을위한실전SNS마케팅,GENERAL_ELECTIVE,창업교육·지원팀,전체,0,1,1,1,1,1,0
2150071301,클라우드기초(Cloud및K-PaaS),GENERAL_ELECTIVE,SW교육팀,"2학년 
3학년 
4학년 
5학년 (대상외수강제한)",0,0,1,0,0,0,1
2150071301,클라우드기초(Cloud및K-PaaS),GENERAL_ELECTIVE,SW교육팀,"2학년 
3학년 
4학년 
5학년 (대상외수강제한)",0,0,0,1,0,0,1
2150071301,클라우드기초(Cloud및K-PaaS),GENERAL_ELECTIVE,SW교육팀,"2학년 
3학년 
4학년 
5학년 (대상외수강제한)",0,0,0,0,1,0,1
2150071301,클라우드기초(Cloud및K-PaaS),GENERAL_ELECTIVE,SW교육팀,"2학년 
3학년 
4학년 
5학년 (대상외수강제한)",0,0,0,0,0,1,1
2150077801,외국인신입생세미나,GENERAL_REQUIRED,교양교육운영팀,전체학년 ;순수외국인입학생 (대상외수강제한),1,1,1,1,1,1,1
2150077802,외국인신입생세미나,GENERAL_REQUIRED,교양교육운영팀,전체학년 ;순수외국인입학생 (대상외수강제한),1,1,1,1,1,1,1
2150077803,외국인신입생세미나,GENERAL_REQUIRED,교양교육운영팀,전체학년 ;순수외국인입학생 (대상외수강제한),1,1,1,1,1,1,1
2150077804,외국인신입생세미나,GENERAL_REQUIRED,교양교육운영팀,전체학년 ;순수외국인입학생 (대상외수강제한),1,1,1,1,1,1,1
2150077805,외국인신입생세미나,GENERAL_REQUIRED,교양교육운영팀,전체학년 ;순수외국인입학생 (대상외수강제한),1,1,1,1,1,1,1
2150077806,외국인신입생세미나,GENERAL_REQUIRED,교양교육운영팀,전체학년 ;순수외국인입학생 (대상외수강제한),1,1,1,1,1,1,1
2150077901,AI입문,GENERAL_ELECTIVE,차세대반도체학과,전체학년 전체,0,1,1,1,1,1,0
2150078101,생활속의반도체,GENERAL_ELECTIVE,차세대반도체학과,전체학년 전체,0,1,1,1,1,1,0
2150078601,디지털논리회로,MAJOR_ELECTIVE,차세대반도체학과,"2학년 전체
3학년 전체
4학년 전체",0,0,1,0,0,0,0
2150078601,디지털논리회로,MAJOR_ELECTIVE,차세대반도체학과,"2학년 전체
3학년 전체
4학년 전체",0,0,0,1,0,0,0
2150078601,디지털논리회로,MAJOR_ELECTIVE,차세대반도체학과,"2학년 전체
3학년 전체
4학년 전체",0,0,0,0,1,0,0
2150081301,K-사상과역사내러티브,GENERAL_ELECTIVE,숭실학술원 행정팀,전체,0,1,1,1,1,1,0
2150081401,동유럽의사회와문화,GENERAL_ELECTIVE,숭실학술원 행정팀,전체,0,1,1,1,1,1,0
2150081501,서사와메타모포시스,GENERAL_ELECTIVE,숭실학술원 행정팀,전체,0,1,1,1,1,1,0
2150081601,새로배우는한국근대,GENERAL_ELECTIVE,숭실학술원 행정팀,전체,0,1,1,1,1,1,0
2150082101,지식재산과콘텐츠비즈니스,OTHER,의생명시스템학부,전체,0,1,1,1,1,1,0
2150083201,전기회로,MAJOR_ELECTIVE,차세대반도체학과,"2학년 전체
3학년 전체
4학년 전체",0,0,1,0,0,0,0
2150083201,전기회로,MAJOR_ELECTIVE,차세대반도체학과,"2학년 전체
3학년 전체
4학년 전체",0,0,0,1,0,0,0
2150083201,전기회로,MAJOR_ELECTIVE,차세대반도체학과,"2학년 전체
3학년 전체
4학년 전체",0,0,0,0,1,0,0
2150084001,반도체집적공정,MAJOR_ELECTIVE,차세대반도체학과,"3학년 전체
4학년 전체",0,0,0,1,0,0,0
2150084001,반도체집적공정,MAJOR_ELECTIVE,차세대반도체학과,"3학년 전체
4학년 전체",0,0,0,0,1,0,0
2150084002,반도체집적공정,MAJOR_ELECTIVE,차세대반도체학과,"3학년 전체
4학년 전체",0,0,0,1,0,0,0
2150084002,반도체집적공정,MAJOR_ELECTIVE,차세대반도체학과,"3학년 전체
4학년 전체",0,0,0,0,1,0,0
2150084003,반도체집적공정,MAJOR_ELECTIVE,차세대반도체학과,"3학년 전체
4학년 전체",0,0,0,1,0,0,0
2150084003,반도체집적공정,MAJOR_ELECTIVE,차세대반도체학과,"3학년 전체
4학년 전체",0,0,0,0,1,0,0
2150084501,운영체제,MAJOR_ELECTIVE,차세대반도체학과,"3학년 전체
4학년 전체",0,0,0,1,0,0,0
2150084501,운영체제,MAJOR_ELECTIVE,차세대반도체학과,"3학년 전체
4학년 전체",0,0,0,0,1,0,0
2150084601,전자회로,MAJOR_ELECTIVE,차세대반도체학과,"3학년 전체
4학년 전체",0,0,0,1,0,0,0
2150084601,전자회로,MAJOR_ELECTIVE,차세대반도체학과,"3학년 전체
4학년 전체",0,0,0,0,1,0,0
2150085901,인공신경망,MAJOR_ELECTIVE,차세대반도체학과,4학년 전체,0,0,0,0,1,0,0
2150094101,유럽문학과사랑,GENERAL_ELECTIVE,불어불문학과,전체학년,0,1,1,1,1,1,0
2150094401,다문화이해와세계시민,GENERAL_ELECTIVE,교양교육운영팀,전체학년 전체,0,1,1,1,1,1,0
2150094601,인물탐구와비전,GENERAL_ELECTIVE,교양교육운영팀,전체학년 전체,0,1,1,1,1,1,0
2150094701,East Asian Art History,GENERAL_ELECTIVE,교양교육운영팀,전체학년 교환학생(대상외수강제한),1,1,1,1,1,1,1
2150094801,Introduction to Asian Studies,GENERAL_ELECTIVE,교양교육운영팀,전체학년 교환학생(대상외수강제한),1,1,1,1,1,1,1
2150095101,메타버스크리에이팅/마케팅(대학생창직),GENERAL_ELECTIVE,창업교육·지원팀,전체,0,1,1,1,1,1,0
2150099909,[인문적상상력과소통]인문적상상력과데이터기반토론,GENERAL_REQUIRED,교양교육운영팀,"2학년 전체
3학년 전체
4학년 전체
5학년 전체 (대상외수강제한)",0,0,1,0,0,0,1
2150099909,[인문적상상력과소통]인문적상상력과데이터기반토론,GENERAL_REQUIRED,교양교육운영팀,"2학년 전체
3학년 전체
4학년 전체
5학년 전체 (대상외수강제한)",0,0,0,1,0,0,1
2150099909,[인문적상상력과소통]인문적상상력과데이터기반토론,GENERAL_REQUIRED,교양교육운영팀,"2학년 전체
3학년 전체
4학년 전체
5학년 전체 (대상외수강제한)",0,0,0,0,1,0,1
2150099909,[인문적상상력과소통]인문적상상력과데이터기반토론,GENERAL_REQUIRED,교양교육운영팀,"2학년 전체
3학년 전체
4학년 전체
5학년 전체 (대상외수강제한)",0,0,0,0,0,1,1
2150100009,[인문적상상력과소통]융합독서디베이트,GENERAL_REQUIRED,교양교육운영팀,"2학년 전체
3학년 전체
4학년 전체
5학년 전체 (대상외수강제한)",0,0,1,0,0,0,1
2150100009,[인문적상상력과소통]융합독서디베이트,GENERAL_REQUIRED,교양교육운영팀,"2학년 전체
3학년 전체
4학년 전체
5학년 전체 (대상외수강제한)",0,0,0,1,0,0,1
2150100009,[인문적상상력과소통]융합독서디베이트,GENERAL_REQUIRED,교양교육운영팀,"2학년 전체
3학년 전체
4학년 전체
5학년 전체 (대상외수강제한)",0,0,0,0,1,0,1
2150100009,[인문적상상력과소통]융합독서디베이트,GENERAL_REQUIRED,교양교육운영팀,"2학년 전체
3학년 전체
4학년 전체
5학년 전체 (대상외수강제한)",0,0,0,0,0,1,1
2150100109,[인문적상상력과소통]디지털미래세계와소통,GENERAL_REQUIRED,교양교육운영팀,"2학년 전체
3학년 전체
4학년 전체
5학년 전체 (대상외수강제한)",0,0,1,0,0,0,1
2150100109,[인문적상상력과소통]디지털미래세계와소통,GENERAL_REQUIRED,교양교육운영팀,"2학년 전체
3학년 전체
4학년 전체
5학년 전체 (대상외수강제한)",0,0,0,1,0,0,1
2150100109,[인문적상상력과소통]디지털미래세계와소통,GENERAL_REQUIRED,교양교육운영팀,"2학년 전체
3학년 전체
4학년 전체
5학년 전체 (대상외수강제한)",0,0,0,0,1,0,1
2150100109,[인문적상상력과소통]디지털미래세계와소통,GENERAL_REQUIRED,교양교육운영팀,"2학년 전체
3학년 전체
4학년 전체
5학년 전체 (대상외수강제한)",0,0,0,0,0,1,1
2150100319,[인문적상상력과소통]고전읽기와상상력,GENERAL_REQUIRED,교양교육운영팀,"2학년 전체
3학년 전체
4학년 전체
5학년 전체 (대상외수강제한)",0,0,1,0,0,0,1
2150100319,[인문적상상력과소통]고전읽기와상상력,GENERAL_REQUIRED,교양교육운영팀,"2학년 전체
3학년 전체
4학년 전체
5학년 전체 (대상외수강제한)",0,0,0,1,0,0,1
2150100319,[인문적상상력과소통]고전읽기와상상력,GENERAL_REQUIRED,교양교육운영팀,"2학년 전체
3학년 전체
4학년 전체
5학년 전체 (대상외수강제한)",0,0,0,0,1,0,1
2150100319,[인문적상상력과소통]고전읽기와상상력,GENERAL_REQUIRED,교양교육운영팀,"2학년 전체
3학년 전체
4학년 전체
5학년 전체 (대상외수강제한)",0,0,0,0,0,1,1
2150100320,[인문적상상력과소통]고전읽기와상상력,GENERAL_REQUIRED,교양교육운영팀,"2학년 전체
3학년 전체
4학년 전체
5학년 전체 (대상외수강제한)",0,0,1,0,0,0,1
2150100320,[인문적상상력과소통]고전읽기와상상력,GENERAL_REQUIRED,교양교육운영팀,"2학년 전체
3학년 전체
4학년 전체
5학년 전체 (대상외수강제한)",0,0,0,1,0,0,1
2150100320,[인문적상상력과소통]고전읽기와상상력,GENERAL_REQUIRED,교양교육운영팀,"2학년 전체
3학년 전체
4학년 전체
5학년 전체 (대상외수강제한)",0,0,0,0,1,0,1
2150100320,[인문적상상력과소통]고전읽기와상상력,GENERAL_REQUIRED,교양교육운영팀,"2학년 전체
3학년 전체
4학년 전체
5학년 전체 (대상외수강제한)",0,0,0,0,0,1,1
2150100422,[비판적사고와표현]비판적사고와학술적글쓰기,GENERAL_REQUIRED,교양교육운영팀,"2학년 전체
3학년 전체
4학년 전체
5학년 전체 (대상외수강제한)",0,0,1,0,0,0,1
2150100422,[비판적사고와표현]비판적사고와학술적글쓰기,GENERAL_REQUIRED,교양교육운영팀,"2학년 전체
3학년 전체
4학년 전체
5학년 전체 (대상외수강제한)",0,0,0,1,0,0,1
2150100422,[비판적사고와표현]비판적사고와학술적글쓰기,GENERAL_REQUIRED,교양교육운영팀,"2학년 전체
3학년 전체
4학년 전체
5학년 전체 (대상외수강제한)",0,0,0,0,1,0,1
2150100422,[비판적사고와표현]비판적사고와학술적글쓰기,GENERAL_REQUIRED,교양교육운영팀,"2학년 전체
3학년 전체
4학년 전체
5학년 전체 (대상외수강제한)",0,0,0,0,0,1,1
2150100613,[비판적사고와표현]미디어사회와비평적글쓰기,GENERAL_REQUIRED,교양교육운영팀,"2학년 전체
3학년 전체
4학년 전체
5학년 전체 (대상외수강제한)",0,0,1,0,0,0,1
2150100613,[비판적사고와표현]미디어사회와비평적글쓰기,GENERAL_REQUIRED,교양교육운영팀,"2학년 전체
3학년 전체
4학년 전체
5학년 전체 (대상외수강제한)",0,0,0,1,0,0,1
2150100613,[비판적사고와표현]미디어사회와비평적글쓰기,GENERAL_REQUIRED,교양교육운영팀,"2학년 전체
3학년 전체
4학년 전체
5학년 전체 (대상외수강제한)",0,0,0,0,1,0,1
2150100613,[비판적사고와표현]미디어사회와비평적글쓰기,GENERAL_REQUIRED,교양교육운영팀,"2학년 전체
3학년 전체
4학년 전체
5학년 전체 (대상외수강제한)",0,0,0,0,0,1,1
2150100825,[비판적사고와표현]기술혁신사회와과학기술글쓰기,GENERAL_REQUIRED,교양교육운영팀,"2학년 전체
3학년 전체
4학년 전체
5학년 전체 (대상외수강제한)",0,0,1,0,0,0,1
2150100825,[비판적사고와표현]기술혁신사회와과학기술글쓰기,GENERAL_REQUIRED,교양교육운영팀,"2학년 전체
3학년 전체
4학년 전체
5학년 전체 (대상외수강제한)",0,0,0,1,0,0,1
2150100825,[비판적사고와표현]기술혁신사회와과학기술글쓰기,GENERAL_REQUIRED,교양교육운영팀,"2학년 전체
3학년 전체
4학년 전체
5학년 전체 (대상외수강제한)",0,0,0,0,1,0,1
2150100825,[비판적사고와표현]기술혁신사회와과학기술글쓰기,GENERAL_REQUIRED,교양교육운영팀,"2학년 전체
3학년 전체
4학년 전체
5학년 전체 (대상외수강제한)",0,0,0,0,0,1,1
2150101415,[인간과성서]인문학과성서,GENERAL_REQUIRED,교양교육운영팀,"2학년 전체
3학년 전체
4학년 전체
5학년 전체 (대상외수강제한)",0,0,1,0,0,0,1
2150101415,[인간과성서]인문학과성서,GENERAL_REQUIRED,교양교육운영팀,"2학년 전체
3학년 전체
4학년 전체
5학년 전체 (대상외수강제한)",0,0,0,1,0,0,1
2150101415,[인간과성서]인문학과성서,GENERAL_REQUIRED,교양교육운영팀,"2학년 전체
3학년 전체
4학년 전체
5학년 전체 (대상외수강제한)",0,0,0,0,1,0,1
2150101415,[인간과성서]인문학과성서,GENERAL_REQUIRED,교양교육운영팀,"2학년 전체
3학년 전체
4학년 전체
5학년 전체 (대상외수강제한)",0,0,0,0,0,1,1
2150101416,[인간과성서]인문학과성서,GENERAL_REQUIRED,교양교육운영팀,전체학년 ;순수외국인입학생 (대상외수강제한),1,1,1,1,1,1,1
2150101417,[인간과성서]인문학과성서,GENERAL_REQUIRED,교양교육운영팀,전체학년 ;순수외국인입학생 (대상외수강제한),1,1,1,1,1,1,1
2150101418,[인간과성서]인문학과성서,GENERAL_REQUIRED,교양교육운영팀,전체학년 ;순수외국인입학생 (대상외수강제한),1,1,1,1,1,1,1
2150101419,[인간과성서]인문학과성서,GENERAL_REQUIRED,교양교육운영팀,전체학년 ;순수외국인입학생 (대상외수강제한),1,1,1,1,1,1,1
2150101420,[인간과성서]인문학과성서,GENERAL_REQUIRED,교양교육운영팀,전체학년 ;순수외국인입학생 (대상외수강제한),1,1,1,1,1,1,1
2150101421,[인간과성서]인문학과성서,GENERAL_REQUIRED,교양교육운영팀,전체학년 ;순수외국인입학생 (대상외수강제한),1,1,1,1,1,1,1
2150101509,비전채플,CHAPEL,학원선교팀,"(수강제한: 1학년 인문,법,사회,경통,경영,자유전공학부)",0,1,1,1,1,1,0
2150101510,비전채플,CHAPEL,학원선교팀,"전체학년 외국국적학생(2~3학년),계약학과(정보보호학과 제외),선취업후진학학과,군위탁,장기해외봉사,현장실습,축구단,장애학생(승인자에 한함) 등 (대상외수강제한)",1,0,1,1,0,0,1
2150101909,[인간과성서]인류문명과기독교,GENERAL_REQUIRED,교양교육운영팀,"2학년 전체
3학년 전체
4학년 전체
5학년 전체 (대상외수강제한)",0,0,1,0,0,0,1
2150101909,[인간과성서]인류문명과기독교,GENERAL_REQUIRED,교양교육운영팀,"2학년 전체
3학년 전체
4학년 전체
5학년 전체 (대상외수강제한)",0,0,0,1,0,0,1
2150101909,[인간과성서]인류문명과기독교,GENERAL_REQUIRED,교양교육운영팀,"2학년 전체
3학년 전체
4학년 전체
5학년 전체 (대상외수강제한)",0,0,0,0,1,0,1
2150101909,[인간과성서]인류문명과기독교,GENERAL_REQUIRED,교양교육운영팀,"2학년 전체
3학년 전체
4학년 전체
5학년 전체 (대상외수강제한)",0,0,0,0,0,1,1
2150102021,[인간과성서]현대사회이슈와기독교,GENERAL_REQUIRED,교양교육운영팀,"2학년 전체
3학년 전체
4학년 전체
5학년 전체 (대상외수강제한)",0,0,1,0,0,0,1
2150102021,[인간과성서]현대사회이슈와기독교,GENERAL_REQUIRED,교양교육운영팀,"2학년 전체
3학년 전체
4학년 전체
5학년 전체 (대상외수강제한)",0,0,0,1,0,0,1
2150102021,[인간과성서]현대사회이슈와기독교,GENERAL_REQUIRED,교양교육운영팀,"2학년 전체
3학년 전체
4학년 전체
5학년 전체 (대상외수강제한)",0,0,0,0,1,0,1
2150102021,[인간과성서]현대사회이슈와기독교,GENERAL_REQUIRED,교양교육운영팀,"2학년 전체
3학년 전체
4학년 전체
5학년 전체 (대상외수강제한)",0,0,0,0,0,1,1
2150102022,[인간과성서]현대사회이슈와기독교,GENERAL_REQUIRED,교양교육운영팀,"2학년 전체
3학년 전체
4학년 전체
5학년 전체 (대상외수강제한)",0,0,1,0,0,0,1
2150102022,[인간과성서]현대사회이슈와기독교,GENERAL_REQUIRED,교양교육운영팀,"2학년 전체
3학년 전체
4학년 전체
5학년 전체 (대상외수강제한)",0,0,0,1,0,0,1
2150102022,[인간과성서]현대사회이슈와기독교,GENERAL_REQUIRED,교양교육운영팀,"2학년 전체
3학년 전체
4학년 전체
5학년 전체 (대상외수강제한)",0,0,0,0,1,0,1
2150102022,[인간과성서]현대사회이슈와기독교,GENERAL_REQUIRED,교양교육운영팀,"2학년 전체
3학년 전체
4학년 전체
5학년 전체 (대상외수강제한)",0,0,0,0,0,1,1
2150102023,[인간과성서]현대사회이슈와기독교,GENERAL_REQUIRED,교양교육운영팀,전체학년 전체,0,1,1,1,1,1,0
2150102213,[글로벌시민의식]세계화와글로벌이슈,GENERAL_REQUIRED,교양교육운영팀,"3학년 전체
4학년 전체
5학년 전체 (대상외수강제한)",0,0,0,1,0,0,1
2150102213,[글로벌시민의식]세계화와글로벌이슈,GENERAL_REQUIRED,교양교육운영팀,"3학년 전체
4학년 전체
5학년 전체 (대상외수강제한)",0,0,0,0,1,0,1
2150102213,[글로벌시민의식]세계화와글로벌이슈,GENERAL_REQUIRED,교양교육운영팀,"3학년 전체
4학년 전체
5학년 전체 (대상외수강제한)",0,0,0,0,0,1,1
2150102417,[글로벌시민의식]글로벌도시이해,GENERAL_REQUIRED,교양교육운영팀,"3학년 전체
4학년 전체
5학년 전체 (대상외수강제한)",0,0,0,1,0,0,1
2150102417,[글로벌시민의식]글로벌도시이해,GENERAL_REQUIRED,교양교육운영팀,"3학년 전체
4학년 전체
5학년 전체 (대상외수강제한)",0,0,0,0,1,0,1
2150102417,[글로벌시민의식]글로벌도시이해,GENERAL_REQUIRED,교양교육운영팀,"3학년 전체
4학년 전체
5학년 전체 (대상외수강제한)",0,0,0,0,0,1,1
2150102867,[컴퓨팅적사고]컴퓨팅적사고와코딩기초,GENERAL_REQUIRED,교양교육운영팀,1학년 전체,0,1,0,0,0,0,0
2150102873,[컴퓨팅적사고]컴퓨팅적사고와코딩기초,GENERAL_REQUIRED,교양교육운영팀,"2학년 전체
3학년 전체
4학년 전체
5학년 전체 (대상외수강제한)",0,0,1,0,0,0,1
2150102873,[컴퓨팅적사고]컴퓨팅적사고와코딩기초,GENERAL_REQUIRED,교양교육운영팀,"2학년 전체
3학년 전체
4학년 전체
5학년 전체 (대상외수강제한)",0,0,0,1,0,0,1
2150102873,[컴퓨팅적사고]컴퓨팅적사고와코딩기초,GENERAL_REQUIRED,교양교육운영팀,"2학년 전체
3학년 전체
4학년 전체
5학년 전체 (대상외수강제한)",0,0,0,0,1,0,1
2150102873,[컴퓨팅적사고]컴퓨팅적사고와코딩기초,GENERAL_REQUIRED,교양교육운영팀,"2학년 전체
3학년 전체
4학년 전체
5학년 전체 (대상외수강제한)",0,0,0,0,0,1,1
2150102874,[컴퓨팅적사고]컴퓨팅적사고와코딩기초,GENERAL_REQUIRED,교양교육운영팀,"2학년 전체
3학년 전체
4학년 전체
5학년 전체 (대상외수강제한)",0,0,1,0,0,0,1
2150102874,[컴퓨팅적사고]컴퓨팅적사고와코딩기초,GENERAL_REQUIRED,교양교육운영팀,"2학년 전체
3학년 전체
4학년 전체
5학년 전체 (대상외수강제한)",0,0,0,1,0,0,1
2150102874,[컴퓨팅적사고]컴퓨팅적사고와코딩기초,GENERAL_REQUIRED,교양교육운영팀,"2학년 전체
3학년 전체
4학년 전체
5학년 전체 (대상외수강제한)",0,0,0,0,1,0,1
2150102874,[컴퓨팅적사고]컴퓨팅적사고와코딩기초,GENERAL_REQUIRED,교양교육운영팀,"2학년 전체
3학년 전체
4학년 전체
5학년 전체 (대상외수강제한)",0,0,0,0,0,1,1
2150102875,[컴퓨팅적사고]컴퓨팅적사고와코딩기초,GENERAL_REQUIRED,교양교육운영팀,"2학년 전체
3학년 전체
4학년 전체
5학년 전체 (대상외수강제한)",0,0,1,0,0,0,1
2150102875,[컴퓨팅적사고]컴퓨팅적사고와코딩기초,GENERAL_REQUIRED,교양교육운영팀,"2학년 전체
3학년 전체
4학년 전체
5학년 전체 (대상외수강제한)",0,0,0,1,0,0,1
2150102875,[컴퓨팅적사고]컴퓨팅적사고와코딩기초,GENERAL_REQUIRED,교양교육운영팀,"2학년 전체
3학년 전체
4학년 전체
5학년 전체 (대상외수강제한)",0,0,0,0,1,0,1
2150102875,[컴퓨팅적사고]컴퓨팅적사고와코딩기초,GENERAL_REQUIRED,교양교육운영팀,"2학년 전체
3학년 전체
4학년 전체
5학년 전체 (대상외수강제한)",0,0,0,0,0,1,1
2150103103,[컴퓨팅적사고]컴퓨팅적사고와알고리즘,GENERAL_REQUIRED,교양교육운영팀,1학년 전체,0,1,0,0,0,0,0
2150103203,[컴퓨팅적사고]컴퓨팅적사고와활용,GENERAL_REQUIRED,교양교육운영팀,1학년 전체,0,1,0,0,0,0,0
2150103301,안보학(군사학),OTHER,학사팀,전체,0,1,1,1,1,1,0
2150103401,[SW와AI]AI와데이터기초,GENERAL_REQUIRED,교양교육운영팀,"2학년 전체
3학년 전체
4학년 전체
5학년 전체 (대상외수강제한)",0,0,1,0,0,0,1
2150103401,[SW와AI]AI와데이터기초,GENERAL_REQUIRED,교양교육운영팀,"2학년 전체
3학년 전체
4학년 전체
5학년 전체 (대상외수강제한)",0,0,0,1,0,0,1
2150103401,[SW와AI]AI와데이터기초,GENERAL_REQUIRED,교양교육운영팀,"2학년 전체
3학년 전체
4학년 전체
5학년 전체 (대상외수강제한)",0,0,0,0,1,0,1
2150103401,[SW와AI]AI와데이터기초,GENERAL_REQUIRED,교양교육운영팀,"2학년 전체
3학년 전체
4학년 전체
5학년 전체 (대상외수강제한)",0,0,0,0,0,1,1
2150103402,[SW와AI]AI와데이터기초,GENERAL_REQUIRED,교양교육운영팀,"2학년 전체
3학년 전체
4학년 전체
5학년 전체 (대상외수강제한)",0,0,1,0,0,0,1
2150103402,[SW와AI]AI와데이터기초,GENERAL_REQUIRED,교양교육운영팀,"2학년 전체
3학년 전체
4학년 전체
5학년 전체 (대상외수강제한)",0,0,0,1,0,0,1
2150103402,[SW와AI]AI와데이터기초,GENERAL_REQUIRED,교양교육운영팀,"2학년 전체
3학년 전체
4학년 전체
5학년 전체 (대상외수강제한)",0,0,0,0,1,0,1
2150103402,[SW와AI]AI와데이터기초,GENERAL_REQUIRED,교양교육운영팀,"2학년 전체
3학년 전체
4학년 전체
5학년 전체 (대상외수강제한)",0,0,0,0,0,1,1
2150103801,대학한국어1,GENERAL_REQUIRED,교양교육운영팀,전체학년 ;순수외국인입학생 (대상외수강제한),1,1,1,1,1,1,1
2150103802,대학한국어1,GENERAL_REQUIRED,교양교육운영팀,전체학년 ;순수외국인입학생 (대상외수강제한),1,1,1,1,1,1,1
2150103803,대학한국어1,GENERAL_REQUIRED,교양교육운영팀,전체학년 ;순수외국인입학생 (대상외수강제한),1,1,1,1,1,1,1
2150103804,대학한국어1,GENERAL_REQUIRED,교양교육운영팀,전체학년 ;순수외국인입학생 (대상외수강제한),1,1,1,1,1,1,1
2150103805,대학한국어1,GENERAL_REQUIRED,교양교육운영팀,전체학년 ;순수외국인입학생 (대상외수강제한),1,1,1,1,1,1,1
2150103806,대학한국어1,GENERAL_REQUIRED,교양교육운영팀,전체학년 ;순수외국인입학생 (대상외수강제한),1,1,1,1,1,1,1
2150103807,대학한국어1,GENERAL_REQUIRED,교양교육운영팀,전체학년 ;순수외국인입학생 (대상외수강제한),1,1,1,1,1,1,1
2150104301,대학한국어2,GENERAL_REQUIRED,교양교육운영팀,전체학년 ;순수외국인입학생 (대상외수강제한),1,1,1,1,1,1,1
2150104302,대학한국어2,GENERAL_REQUIRED,교양교육운영팀,전체학년 ;순수외국인입학생 (대상외수강제한),1,1,1,1,1,1,1
2150104303,대학한국어2,GENERAL_REQUIRED,교양교육운영팀,전체학년 ;순수외국인입학생 (대상외수강제한),1,1,1,1,1,1,1
2150104304,대학한국어2,GENERAL_REQUIRED,교양교육운영팀,전체학년 ;순수외국인입학생 (대상외수강제한),1,1,1,1,1,1,1
2150104305,대학한국어2,GENERAL_REQUIRED,교양교육운영팀,전체학년 ;순수외국인입학생 (대상외수강제한),1,1,1,1,1,1,1
2150104306,대학한국어2,GENERAL_REQUIRED,교양교육운영팀,전체학년 ;순수외국인입학생 (대상외수강제한),1,1,1,1,1,1,1
2150104307,대학한국어2,GENERAL_REQUIRED,교양교육운영팀,전체학년 ;순수외국인입학생 (대상외수강제한),1,1,1,1,1,1,1
2150104308,대학한국어2,GENERAL_REQUIRED,교양교육운영팀,전체학년 ;순수외국인입학생 (대상외수강제한),1,1,1,1,1,1,1
2150104309,대학한국어2,GENERAL_REQUIRED,교양교육운영팀,전체학년 ;순수외국인입학생 (대상외수강제한),1,1,1,1,1,1,1
2150105001,(외국인을위한)대학글쓰기,GENERAL_REQUIRED,교양교육운영팀,전체학년 ;순수외국인입학생 (대상외수강제한),1,1,1,1,1,1,1
2150105002,(외국인을위한)대학글쓰기,GENERAL_REQUIRED,교양교육운영팀,전체학년 ;순수외국인입학생 (대상외수강제한),1,1,1,1,1,1,1
2150105003,(외국인을위한)대학글쓰기,GENERAL_REQUIRED,교양교육운영팀,전체학년 ;순수외국인입학생 (대상외수강제한),1,1,1,1,1,1,1
2150105004,(외국인을위한)대학글쓰기,GENERAL_REQUIRED,교양교육운영팀,전체학년 ;순수외국인입학생 (대상외수강제한),1,1,1,1,1,1,1
2150105005,(외국인을위한)대학글쓰기,GENERAL_REQUIRED,교양교육운영팀,전체학년 ;순수외국인입학생 (대상외수강제한),1,1,1,1,1,1,1
2150105006,(외국인을위한)대학글쓰기,GENERAL_REQUIRED,교양교육운영팀,전체학년 ;순수외국인입학생 (대상외수강제한),1,1,1,1,1,1,1
2150106201,동양철학스케치,GENERAL_ELECTIVE,철학과,전체(철학과제외),0,1,1,1,1,1,0
2150106501,생활속의개인정보보호법,GENERAL_ELECTIVE,국제법무학과,전체,0,1,1,1,1,1,0
2150106601,디지털시대의미디어읽기,GENERAL_ELECTIVE,정보사회학과,전체학년,0,1,1,1,1,1,0
2150106801,GenZ의미래역량과‘7C-Up’,GENERAL_ELECTIVE,평생교육학과,전체,0,1,1,1,1,1,0
2150106901,디자인·문화·창의성,GENERAL_ELECTIVE,평생교육학과,전체,0,1,1,1,1,1,0
2150107301,SF로통찰하는미래사회,GENERAL_ELECTIVE,교양교육운영팀,전체학년 전체,0,1,1,1,1,1,0
2150107701,민주주의와토론,GENERAL_ELECTIVE,교양교육운영팀,전체학년 전체,0,1,1,1,1,1,0
2150108001,스타트업비즈니스모델디자인,GENERAL_ELECTIVE,교양교육운영팀,전체학년 (대상외수강제한),0,1,1,1,1,1,1
2150116601,과학사,GENERAL_ELECTIVE,물리학과,전체학년 전체(물리학과 제외),0,1,1,1,1,1,0
2150116602,과학사,GENERAL_ELECTIVE,물리학과,전체학년 전체(물리학과 제외),0,1,1,1,1,1,0
2150118101,교육방법및교육공학,TEACHING,학사팀,순수외국인입학생 제한,0,1,1,1,1,1,0
2150118201,교육사회,TEACHING,학사팀,순수외국인입학생 제한,0,1,1,1,1,1,0
2150118301,교육실습,TEACHING,학사팀,4학년 ;교직이수자 (실습학교 확정된 학생만 수강 가능),3,0,0,0,1,0,0
2150118401,교육심리,TEACHING,학사팀,순수외국인입학생 제한,0,1,1,1,1,1,0
2150118501,교육철학및교육사,TEACHING,학사팀,순수외국인입학생 제한,0,1,1,1,1,1,0
2150118601,교육학개론,TEACHING,학사팀,순수외국인입학생 제한,0,1,1,1,1,1,0
2150128501,마이크로프로세서응용,MAJOR_ELECTIVE,차세대반도체학과,"3학년 전체
4학년 전체",0,0,0,1,0,0,0
2150128501,마이크로프로세서응용,MAJOR_ELECTIVE,차세대반도체학과,"3학년 전체
4학년 전체",0,0,0,0,1,0,0
2150128601,반도체개발프로세스,MAJOR_ELECTIVE,차세대반도체학과,"2학년 전체
3학년 전체
4학년 전체",0,0,1,0,0,0,0
2150128601,반도체개발프로세스,MAJOR_ELECTIVE,차세대반도체학과,"2학년 전체
3학년 전체
4학년 전체",0,0,0,1,0,0,0
2150128601,반도체개발프로세스,MAJOR_ELECTIVE,차세대반도체학과,"2학년 전체
3학년 전체
4학년 전체",0,0,0,0,1,0,0
2150129501,컴퓨터를활용한리소그래피,MAJOR_ELECTIVE,차세대반도체학과,4학년 전체,0,0,0,0,1,0,0
2150138301,씬스틸LAW-영화로배우는친족법,GENERAL_ELECTIVE,학사팀,전체,0,1,1,1,1,1,0
2150138401,감성지능리더십,GENERAL_ELECTIVE,학사팀,전체,0,1,1,1,1,1,0
2150138501,4차산업혁명시대의기술혁신과AI,GENERAL_ELECTIVE,학사팀,전체,0,1,1,1,1,1,0
2150138701,동양철학고전의이해,GENERAL_ELECTIVE,철학과,전체,0,1,1,1,1,1,0
2150141501,AI와윤리,GENERAL_ELECTIVE,철학과,전체,0,1,1,1,1,1,0
2150141901,캐릭터와연기,GENERAL_ELECTIVE,예술창작학부 영화예술전공,전체 (영화예술전공 수강제한),0,1,1,1,1,1,0
2150141902,캐릭터와연기,GENERAL_ELECTIVE,예술창작학부 영화예술전공,전체 (영화예술전공 수강제한),0,1,1,1,1,1,0
2150142901,ESG경영과사회문제해결,GENERAL_ELECTIVE,벤처중소기업학과,전체,0,1,1,1,1,1,0
2150143001,음악과삶의융합,GENERAL_ELECTIVE,교양교육운영팀,전체학년 전체,0,1,1,1,1,1,0
2150143002,음악과삶의융합,GENERAL_ELECTIVE,교양교육운영팀,전체학년 전체,0,1,1,1,1,1,0
2150143101,P5.js_비주얼포트폴리오,GENERAL_ELECTIVE,학사팀,전체,0,1,1,1,1,1,0
2150143501,AI미래사회와인문학,GENERAL_ELECTIVE,숭실학술원 행정팀,전체,0,1,1,1,1,1,0
2150143901,유학생창업AtoZ,GENERAL_ELECTIVE,창업교육·지원팀,전체학년 ;순수외국인입학생 (대상외수강제한),1,1,1,1,1,1,1
2150144101,기술창업AtoZ,GENERAL_ELECTIVE,창업교육·지원팀,전체,0,1,1,1,1,1,0
2150152501,디지털인문학,GENERAL_ELECTIVE,국어국문학과,전체학년,0,1,1,1,1,1,0
2150152502,디지털인문학,GENERAL_ELECTIVE,국어국문학과,전체학년,0,1,1,1,1,1,0
2150152601,한중문화산책,GENERAL_ELECTIVE,중어중문학과,전체,0,1,1,1,1,1,0
2150152801,디지털리터러시,GENERAL_ELECTIVE,철학과,전체,0,1,1,1,1,1,0
2150153101,디지털시대의사회변동,GENERAL_ELECTIVE,정보사회학과,전체학년,0,1,1,1,1,1,0
2150153201,대중가요와지역문화이해,GENERAL_ELECTIVE,교양교육운영팀,전체학년 전체,0,1,1,1,1,1,0
2150153501,취업에필요한재무제표이해,GENERAL_ELECTIVE,학사팀,전체,0,1,1,1,1,1,0
2150153601,행복한가족을만드는관계기술,GENERAL_ELECTIVE,학사팀,전체,0,1,1,1,1,1,0
2150153901,재난관리첫걸음의모든것,GENERAL_ELECTIVE,학사팀,전체,0,1,1,1,1,1,0
2150154001,경영데이터분석을위한파이썬,GENERAL_ELECTIVE,벤처경영학과(계약학과),전체,0,1,1,1,1,1,0
2150154101,기업의역사,GENERAL_ELECTIVE,벤처경영학과(계약학과),전체,0,1,1,1,1,1,0
2150155001,바이오시스템설계,MAJOR_ELECTIVE,의생명시스템학부,4학년,0,0,0,0,1,0,0
2150156401,반도체공정과화학분석,MAJOR_ELECTIVE,차세대반도체학과,"3학년 전체
4학년 전체",0,0,0,1,0,0,0
2150156401,반도체공정과화학분석,MAJOR_ELECTIVE,차세대반도체학과,"3학년 전체
4학년 전체",0,0,0,0,1,0,0
2150157401,이야기한국철학,GENERAL_ELECTIVE,학사팀,전체,0,1,1,1,1,1,0
2150158401,서양의건축과미술유산,GENERAL_ELECTIVE,숭실학술원 행정팀,전체,0,1,1,1,1,1,0
2150158601,음식으로인문학읽기,GENERAL_ELECTIVE,숭실학술원 행정팀,전체,0,1,1,1,1,1,0
2150158901,한국학산책,GENERAL_ELECTIVE,숭실학술원 행정팀,전체,0,1,1,1,1,1,0
2150159301,이야기대한민국사,GENERAL_ELECTIVE,숭실학술원 행정팀,전체,0,1,1,1,1,1,0
2150159701,AI자기주도학습설계,GENERAL_ELECTIVE,SW교육팀,전체,0,1,1,1,1,1,0
2150175801,여성학,GENERAL_ELECTIVE,정보사회학과,전체학년,0,1,1,1,1,1,0
2150177901,디지털교육,TEACHING,학사팀,"3학년 전체;교직이수자
4학년 전체;교직이수자",3,0,0,1,0,0,0
2150177901,디지털교육,TEACHING,학사팀,"3학년 전체;교직이수자
4학년 전체;교직이수자",3,0,0,0,1,0,0
2150178301,크루스포츠,GENERAL_ELECTIVE,스포츠학부,스포츠학부 제외,0,1,1,1,1,1,0
2150178302,크루스포츠,GENERAL_ELECTIVE,스포츠학부,스포츠학부 제외,0,1,1,1,1,1,0
2150178303,크루스포츠,GENERAL_ELECTIVE,스포츠학부,스포츠학부 제외,0,1,1,1,1,1,0
2150178304,크루스포츠,GENERAL_ELECTIVE,스포츠학부,스포츠학부 제외,0,1,1,1,1,1,0
2150178305,크루스포츠,GENERAL_ELECTIVE,스포츠학부,스포츠학부 제외,0,1,1,1,1,1,0
2150178701,반도체산업생태계이해,GENERAL_ELECTIVE,반도체산학기술센터 행정팀,전체,0,1,1,1,1,1,0
2150178801,대기업실무경험으로배우는실전창업인사이트,GENERAL_ELECTIVE,창업교육·지원팀,전체,0,1,1,1,1,1,0
2150178901,현대중-동유럽의픽션과영상,GENERAL_ELECTIVE,숭실학술원 행정팀,전체,0,1,1,1,1,1,0
2150179301,Cinematic Journeys through Modern Korea,GENERAL_ELECTIVE,숭실학술원 행정팀,전체,0,1,1,1,1,1,0
2150179601,K-문화인문학,GENERAL_ELECTIVE,숭실학술원 행정팀,전체,0,1,1,1,1,1,0
2150180501,현대문학의이해(숭실사이버대),GENERAL_ELECTIVE,학사팀,전체,0,1,1,1,1,1,0
2150180601,건축을통해본도시와인간(숭실사이버대),GENERAL_ELECTIVE,학사팀,전체,0,1,1,1,1,1,0
2150180701,컨설팅방법과프로젝트관리(숭실사이버대),GENERAL_ELECTIVE,학사팀,전체,0,1,1,1,1,1,0
2150180801,생활에적용하는수학(숭실사이버대),GENERAL_ELECTIVE,학사팀,전체,0,1,1,1,1,1,0
2150180901,놀이를통한행복찾기(숭실사이버대),GENERAL_ELECTIVE,학사팀,전체,0,1,1,1,1,1,0
2150188201,인간관계론,GENERAL_ELECTIVE,사회복지학부,전체,0,1,1,1,1,1,0
2150188202,인간관계론,GENERAL_ELECTIVE,사회복지학부,전체,0,1,1,1,1,1,0
2150188203,인간관계론,GENERAL_ELECTIVE,사회복지학부,전체,0,1,1,1,1,1,0
2150188204,인간관계론,GENERAL_ELECTIVE,사회복지학부,전체,0,1,1,1,1,1,0
2150300401,기독교와타종교,GENERAL_ELECTIVE,기독교학과,전체학년 (기독교 제외),0,1,1,1,1,1,0
2150305701,현대시의이해,GENERAL_ELECTIVE,국어국문학과,전체학년,0,1,1,1,1,1,0
2150305702,현대시의이해,GENERAL_ELECTIVE,국어국문학과,전체학년,0,1,1,1,1,1,0
2150306001,공연예술의이해,GENERAL_ELECTIVE,예술창작학부 문예창작전공,전체,0,1,1,1,1,1,0
2150306002,공연예술의이해,GENERAL_ELECTIVE,예술창작학부 문예창작전공,전체,0,1,1,1,1,1,0
2150307001,한국의문화유산,GENERAL_ELECTIVE,사학과,전체,0,1,1,1,1,1,0
2150308401,신앙과이성,GENERAL_ELECTIVE,철학과,전체,0,1,1,1,1,1,0
2150310301,법과국제사회,GENERAL_ELECTIVE,법학과,전체(법대제외),0,1,1,1,1,1,0
2150332301,문학사상기행,GENERAL_ELECTIVE,국어국문학과,전체학년,0,1,1,1,1,1,0
2150332302,문학사상기행,GENERAL_ELECTIVE,국어국문학과,전체학년,0,1,1,1,1,1,0
2150332901,생활과경제,GENERAL_ELECTIVE,경제학과,전체,0,1,1,1,1,1,0
2150332902,생활과경제,GENERAL_ELECTIVE,경제학과,전체,0,1,1,1,1,1,0
2150333001,현대도시문제,GENERAL_ELECTIVE,정보사회학과,전체학년,0,1,1,1,1,1,0
2150333601,화학과현대생활,GENERAL_ELECTIVE,화학과,전체(화학과 제외),0,1,1,1,1,1,0
2150333602,화학과현대생활,GENERAL_ELECTIVE,화학과,전체(화학과 제외),0,1,1,1,1,1,0
2150333801,트럼프시대와미국,GENERAL_ELECTIVE,정치외교학과,전체,0,1,1,1,1,1,0
2150333901,일본의이해,GENERAL_ELECTIVE,일어일문학과,전체,0,1,1,1,1,1,0
2150333902,일본의이해,GENERAL_ELECTIVE,일어일문학과,전체,0,1,1,1,1,1,0
2150342701,국제무역의이해,GENERAL_ELECTIVE,글로벌통상학과,전체(글로벌통상제외),0,1,1,1,1,1,0
2150342702,국제무역의이해,GENERAL_ELECTIVE,글로벌통상학과,전체(글로벌통상제외),0,1,1,1,1,1,0
2150342703,국제무역의이해,GENERAL_ELECTIVE,글로벌통상학과,전체(글로벌통상제외),0,1,1,1,1,1,0
2150342704,국제무역의이해,GENERAL_ELECTIVE,글로벌통상학과,전체(글로벌통상제외),0,1,1,1,1,1,0
2150343001,글로벌안보와러시아,GENERAL_ELECTIVE,정치외교학과,전체,0,1,1,1,1,1,0
2150381001,중국어기초,GENERAL_ELECTIVE,중어중문학과,"전체(중문 제외),(중국국적학생 제외)",0,1,1,1,1,1,0
2150382001,동아시아의역사와문화,GENERAL_ELECTIVE,사학과,전체,0,1,1,1,1,1,0
2150382002,동아시아의역사와문화,GENERAL_ELECTIVE,사학과,전체,0,1,1,1,1,1,0
2150382101,유럽의역사와문화,GENERAL_ELECTIVE,사학과,전체,0,1,1,1,1,1,0
2150382801,자본주의와민주주의,GENERAL_ELECTIVE,정치외교학과,전체,0,1,1,1,1,1,0
2150382901,법의이해,GENERAL_ELECTIVE,법학과,전체(법대제외),0,1,1,1,1,1,0
2150384101,창의적섬유패션이해,GENERAL_ELECTIVE,신소재공학과,전체,0,1,1,1,1,1,0
2150384701,레저스포츠,GENERAL_ELECTIVE,스포츠학부,스포츠학부 제외,0,1,1,1,1,1,0
2150384702,레저스포츠,GENERAL_ELECTIVE,스포츠학부,스포츠학부 제외,0,1,1,1,1,1,0
2150384703,레저스포츠,GENERAL_ELECTIVE,스포츠학부,스포츠학부 제외,0,1,1,1,1,1,0
2150384704,레저스포츠,GENERAL_ELECTIVE,스포츠학부,스포츠학부 제외,0,1,1,1,1,1,0
2150384705,레저스포츠,GENERAL_ELECTIVE,스포츠학부,스포츠학부 제외,0,1,1,1,1,1,0
2150384706,레저스포츠,GENERAL_ELECTIVE,스포츠학부,스포츠학부 제외,0,1,1,1,1,1,0
2150384707,레저스포츠,GENERAL_ELECTIVE,스포츠학부,스포츠학부 제외,0,1,1,1,1,1,0
2150384901,성의담론과이해,GENERAL_ELECTIVE,국어국문학과,전체학년,0,1,1,1,1,1,0
2150384902,성의담론과이해,GENERAL_ELECTIVE,국어국문학과,전체학년,0,1,1,1,1,1,0
2150385101,경영혁신의이해,GENERAL_ELECTIVE,경영학부,전체,0,1,1,1,1,1,0
2150385201,프랑스의이해,GENERAL_ELECTIVE,불어불문학과,전체학년,0,1,1,1,1,1,0
2150386604,컴퓨터수학1,MAJOR_BASIC,컴퓨터학부,전체,0,1,1,1,1,1,0
2150441601,논리학,GENERAL_ELECTIVE,철학과,전체,0,1,1,1,1,1,0
2150450401,생활과학,GENERAL_ELECTIVE,물리학과,전체학년 전체(물리학과 제외),0,1,1,1,1,1,0
2150465601,PR론,MAJOR_ELECTIVE,언론홍보학과,"2학년 언론홍보, 순수 외국인 수강 제한",0,0,1,0,0,0,0
2150479101,스피치와컨텐츠,GENERAL_ELECTIVE,예술창작학부 문예창작전공,전체,0,1,1,1,1,1,0
2150479201,정의와현대사회,GENERAL_ELECTIVE,철학과,전체,0,1,1,1,1,1,0
2150479501,생명정보학의이해,GENERAL_ELECTIVE,의생명시스템학부,전체,0,1,1,1,1,1,0
2150479901,진로와직업선택,GENERAL_ELECTIVE,교양교육운영팀,3학년 전체 (대상외수강제한),0,0,0,1,0,0,1
2150479902,진로와직업선택,GENERAL_ELECTIVE,교양교육운영팀,3학년 전체 (대상외수강제한),0,0,0,1,0,0,1
2150480001,부동산학개론,GENERAL_ELECTIVE,법학과,전체,0,1,1,1,1,1,0
2150480002,부동산학개론,GENERAL_ELECTIVE,법학과,전체,0,1,1,1,1,1,0
2150480003,부동산학개론,GENERAL_ELECTIVE,법학과,전체,0,1,1,1,1,1,0
2150480004,부동산학개론,GENERAL_ELECTIVE,법학과,전체,0,1,1,1,1,1,0
2150480005,부동산학개론,GENERAL_ELECTIVE,법학과,전체,0,1,1,1,1,1,0
2150480006,부동산학개론,GENERAL_ELECTIVE,법학과,전체,0,1,1,1,1,1,0
2150484101,대학생활과진로탐색,GENERAL_ELECTIVE,교양교육운영팀,1학년 전체 (대상외수강제한),0,1,0,0,0,0,1
2150484102,대학생활과진로탐색,GENERAL_ELECTIVE,교양교육운영팀,1학년 전체 (대상외수강제한),0,1,0,0,0,0,1
2150484103,대학생활과진로탐색,GENERAL_ELECTIVE,교양교육운영팀,1학년 전체 (대상외수강제한),0,1,0,0,0,0,1
2150485801,일본어회화기초,GENERAL_ELECTIVE,일어일문학과,전체(일어일문 제외),0,1,1,1,1,1,0
2150485802,일본어회화기초,GENERAL_ELECTIVE,일어일문학과,전체(일어일문 제외),0,1,1,1,1,1,0
2150485803,일본어회화기초,GENERAL_ELECTIVE,일어일문학과,전체(일어일문 제외),0,1,1,1,1,1,0
2150519101,English Communication in Business Contex,GENERAL_ELECTIVE,교양교육운영팀,전체학년 전체,0,1,1,1,1,1,0
2150519201,일본어입문,GENERAL_ELECTIVE,일어일문학과,전체(일어일문 제외),0,1,1,1,1,1,0
2150519202,일본어입문,GENERAL_ELECTIVE,일어일문학과,전체(일어일문 제외),0,1,1,1,1,1,0
2150519203,일본어입문,GENERAL_ELECTIVE,일어일문학과,전체(일어일문 제외),0,1,1,1,1,1,0
2150519204,일본어입문,GENERAL_ELECTIVE,일어일문학과,전체(일어일문 제외),0,1,1,1,1,1,0
2150519205,일본어입문,GENERAL_ELECTIVE,일어일문학과,전체(일어일문 제외),0,1,1,1,1,1,0
2150519501,기초프랑스어,GENERAL_ELECTIVE,불어불문학과,전체(불문제외),0,1,1,1,1,1,0
2150519502,기초프랑스어,GENERAL_ELECTIVE,불어불문학과,전체(불문제외),0,1,1,1,1,1,0
2150519503,기초프랑스어,GENERAL_ELECTIVE,불어불문학과,전체(불문제외),0,1,1,1,1,1,0
2150519601,영문법의기초,GENERAL_ELECTIVE,영어영문학과,전체,0,1,1,1,1,1,0
2150520101,중국어입문,GENERAL_ELECTIVE,중어중문학과,"전체(중문 제외),(중국국적학생 제외)",0,1,1,1,1,1,0
2150520102,중국어입문,GENERAL_ELECTIVE,중어중문학과,"전체(중문 제외),(중국국적학생 제외)",0,1,1,1,1,1,0
2150520103,중국어입문,GENERAL_ELECTIVE,중어중문학과,"전체(중문 제외),(중국국적학생 제외)",0,1,1,1,1,1,0
2150520201,독일어입문,GENERAL_ELECTIVE,독어독문학과,전체(독문 제외),0,1,1,1,1,1,0
2150520202,독일어입문,GENERAL_ELECTIVE,독어독문학과,전체(독문 제외),0,1,1,1,1,1,0
2150520301,한국현대문학과영상,GENERAL_ELECTIVE,국어국문학과,전체학년,0,1,1,1,1,1,0
2150520401,서양미술의이해,GENERAL_ELECTIVE,예술창작학부 문예창작전공,전체,0,1,1,1,1,1,0
2150520501,필름과영미문학,GENERAL_ELECTIVE,영어영문학과,전체,0,1,1,1,1,1,0
2150520701,인간심리와평생학습,GENERAL_ELECTIVE,평생교육학과,전체,0,1,1,1,1,1,0
2150520702,인간심리와평생학습,GENERAL_ELECTIVE,평생교육학과,전체,0,1,1,1,1,1,0
2150520703,인간심리와평생학습,GENERAL_ELECTIVE,평생교육학과,전체,0,1,1,1,1,1,0
2150520704,인간심리와평생학습,GENERAL_ELECTIVE,평생교육학과,전체,0,1,1,1,1,1,0
2150521201,수학의세계,GENERAL_ELECTIVE,수학과,전체,0,1,1,1,1,1,0
2150521701,의사소통기법,GENERAL_ELECTIVE,국어국문학과,전체학년,0,1,1,1,1,1,0
2150521801,세계속의한국사회와교육,GENERAL_ELECTIVE,평생교육학과,전체,0,1,1,1,1,1,0
2150521901,기초한문,GENERAL_ELECTIVE,국어국문학과,전체학년,0,1,1,1,1,1,0
2150521902,기초한문,GENERAL_ELECTIVE,국어국문학과,전체학년,0,1,1,1,1,1,0
2150521903,기초한문,GENERAL_ELECTIVE,국어국문학과,전체학년,0,1,1,1,1,1,0
2150522102,English Speaking and Listening,GENERAL_ELECTIVE,교양교육운영팀,전체학년 전체,0,1,1,1,1,1,0
2150522103,English Speaking and Listening,GENERAL_ELECTIVE,교양교육운영팀,전체학년 전체,0,1,1,1,1,1,0
2150522201,현대의철학적문제들,GENERAL_ELECTIVE,철학과,전체,0,1,1,1,1,1,0
2150522202,현대의철학적문제들,GENERAL_ELECTIVE,철학과,전체,0,1,1,1,1,1,0
2150522701,웰빙시대의건강관리,GENERAL_ELECTIVE,스포츠학부,스포츠학부 제외,0,1,1,1,1,1,0
2150522702,웰빙시대의건강관리,GENERAL_ELECTIVE,스포츠학부,스포츠학부 제외,0,1,1,1,1,1,0
2150527001,독일어권의사회와문화,GENERAL_ELECTIVE,독어독문학과,전체,0,1,1,1,1,1,0
2150527002,독일어권의사회와문화,GENERAL_ELECTIVE,독어독문학과,전체,0,1,1,1,1,1,0
2150527301,컴퓨터학의이해,GENERAL_ELECTIVE,컴퓨터학부,"전체(컴퓨터,소프트 제외)",0,1,1,1,1,1,0
2150531901,영상영어,GENERAL_ELECTIVE,영어영문학과,전체,0,1,1,1,1,1,0
2150532001,영어읽기의기초,GENERAL_ELECTIVE,영어영문학과,전체,0,1,1,1,1,1,0
2150532201,독일어회화입문,GENERAL_ELECTIVE,독어독문학과,전체(독문 제외),0,1,1,1,1,1,0
2150532301,생활프랑스어,GENERAL_ELECTIVE,불어불문학과,전체(불문제외),0,1,1,1,1,1,0
2150532501,법과경제생활,GENERAL_ELECTIVE,법학과,전체,0,1,1,1,1,1,0
2150533701,섬김의리더십,GENERAL_ELECTIVE,교양교육운영팀,전체학년 전체,0,1,1,1,1,1,0
2150533702,섬김의리더십,GENERAL_ELECTIVE,교양교육운영팀,전체학년 전체,0,1,1,1,1,1,0
2150533703,섬김의리더십,GENERAL_ELECTIVE,교양교육운영팀,전체학년 전체,0,1,1,1,1,1,0
2150533704,섬김의리더십,GENERAL_ELECTIVE,교양교육운영팀,전체학년 전체,0,1,1,1,1,1,0
2150533705,섬김의리더십,GENERAL_ELECTIVE,교양교육운영팀,전체학년 전체,0,1,1,1,1,1,0
2150533706,섬김의리더십,GENERAL_ELECTIVE,교양교육운영팀,전체학년 전체,0,1,1,1,1,1,0
2150533707,섬김의리더십,GENERAL_ELECTIVE,교양교육운영팀,전체학년 전체,0,1,1,1,1,1,0
2150533708,섬김의리더십,GENERAL_ELECTIVE,교양교육운영팀,전체학년 전체,0,1,1,1,1,1,0
2150533709,섬김의리더십,GENERAL_ELECTIVE,교양교육운영팀,전체학년 전체,0,1,1,1,1,1,0
2150533710,섬김의리더십,GENERAL_ELECTIVE,교양교육운영팀,전체학년 전체,0,1,1,1,1,1,0
2150533711,섬김의리더십,GENERAL_ELECTIVE,교양교육운영팀,전체학년 전체,0,1,1,1,1,1,0
2150533712,섬김의리더십,GENERAL_ELECTIVE,교양교육운영팀,전체학년 전체,0,1,1,1,1,1,0
2150533713,섬김의리더십,GENERAL_ELECTIVE,교양교육운영팀,전체학년 전체,0,1,1,1,1,1,0
2150533714,섬김의리더십,GENERAL_ELECTIVE,교양교육운영팀,전체학년 전체,0,1,1,1,1,1,0
2150533715,섬김의리더십,GENERAL_ELECTIVE,교양교육운영팀,전체학년 전체,0,1,1,1,1,1,0
2150553801,기초러시아어,GENERAL_ELECTIVE,교양교육운영팀,전체학년 전체,0,1,1,1,1,1,0
2150553802,기초러시아어,GENERAL_ELECTIVE,교양교육운영팀,전체학년 전체,0,1,1,1,1,1,0
2150553901,기초스페인어,GENERAL_ELECTIVE,교양교육운영팀,전체학년 전체,0,1,1,1,1,1,0
2150553902,기초스페인어,GENERAL_ELECTIVE,교양교육운영팀,전체학년 전체,0,1,1,1,1,1,0
2150553903,기초스페인어,GENERAL_ELECTIVE,교양교육운영팀,전체학년 전체,0,1,1,1,1,1,0
2150566001,국가정보와국제정치,GENERAL_ELECTIVE,교양교육운영팀,전체학년 전체,0,1,1,1,1,1,0
2150566401,조직관리학(군사학),OTHER,학사팀,전체,0,1,1,1,1,1,0
2150605101,숭실과기독교,GENERAL_ELECTIVE,기독교학과,전체학년,0,1,1,1,1,1,0
2150605201,그리스로마신화,GENERAL_ELECTIVE,철학과,전체,0,1,1,1,1,1,0
2150605202,그리스로마신화,GENERAL_ELECTIVE,철학과,전체,0,1,1,1,1,1,0
2150605203,그리스로마신화,GENERAL_ELECTIVE,철학과,전체,0,1,1,1,1,1,0
2150605301,현대인과국제예절,GENERAL_ELECTIVE,교양교육운영팀,전체학년 ;순수외국인입학생 (대상외수강제한),1,1,1,1,1,1,1
2150605302,현대인과국제예절,GENERAL_ELECTIVE,교양교육운영팀,전체학년 ;순수외국인입학생 (대상외수강제한),1,1,1,1,1,1,1
2150605303,현대인과국제예절,GENERAL_ELECTIVE,교양교육운영팀,전체학년 ;순수외국인입학생 (대상외수강제한),1,1,1,1,1,1,1
2150605304,현대인과국제예절,GENERAL_ELECTIVE,교양교육운영팀,전체학년 ;순수외국인입학생 (대상외수강제한),1,1,1,1,1,1,1
2150605401,토론과커뮤니케이션,GENERAL_ELECTIVE,교양교육운영팀,전체학년 전체,0,1,1,1,1,1,0
2150605402,토론과커뮤니케이션,GENERAL_ELECTIVE,교양교육운영팀,전체학년 전체,0,1,1,1,1,1,0
2150605403,토론과커뮤니케이션,GENERAL_ELECTIVE,교양교육운영팀,전체학년 전체,0,1,1,1,1,1,0
2150605404,토론과커뮤니케이션,GENERAL_ELECTIVE,교양교육운영팀,전체학년 전체,0,1,1,1,1,1,0
2150605701,사회봉사실천1,GENERAL_ELECTIVE,교양교육운영팀,전체학년 전체,0,1,1,1,1,1,0
2150605801,사회봉사실천2,GENERAL_ELECTIVE,교양교육운영팀,전체학년 전체,0,1,1,1,1,1,0
2150605901,사회봉사실천3,GENERAL_ELECTIVE,교양교육운영팀,전체학년 전체,0,1,1,1,1,1,0
2150622301,외국인을위한한국어1,GENERAL_ELECTIVE,교양교육운영팀,전체학년 교환학생(대상외수강제한),1,1,1,1,1,1,1
2150622302,외국인을위한한국어1,GENERAL_ELECTIVE,교양교육운영팀,전체학년 교환학생(대상외수강제한),1,1,1,1,1,1,1
2150622303,외국인을위한한국어1,GENERAL_ELECTIVE,교양교육운영팀,전체학년 교환학생(대상외수강제한),1,1,1,1,1,1,1
2150622401,외국인을위한한국어2,GENERAL_ELECTIVE,교양교육운영팀,전체학년 교환학생(대상외수강제한),1,1,1,1,1,1,1
2150623401,한경직리더십,GENERAL_ELECTIVE,교양교육운영팀,전체학년 전체,0,1,1,1,1,1,0
2150625101,행복의철학,GENERAL_ELECTIVE,철학과,전체,0,1,1,1,1,1,0
2150625602,컴퓨터그래픽,GENERAL_ELECTIVE,교양교육운영팀,전체학년 전체,0,1,1,1,1,1,0
2150625603,컴퓨터그래픽,GENERAL_ELECTIVE,교양교육운영팀,전체학년 전체,0,1,1,1,1,1,0
2150626101,인문학과의만남,GENERAL_ELECTIVE,교양교육운영팀,전체학년 ;순수외국인입학생 (대상외수강제한),1,1,1,1,1,1,1
2150626102,인문학과의만남,GENERAL_ELECTIVE,교양교육운영팀,전체학년 ;순수외국인입학생 (대상외수강제한),1,1,1,1,1,1,1
2150626103,인문학과의만남,GENERAL_ELECTIVE,교양교육운영팀,전체학년 전체,0,1,1,1,1,1,0
2150626201,자연과학과의만남,GENERAL_ELECTIVE,교양교육운영팀,전체학년 ;순수외국인입학생 (대상외수강제한),1,1,1,1,1,1,1
2150626202,자연과학과의만남,GENERAL_ELECTIVE,교양교육운영팀,전체학년 전체,0,1,1,1,1,1,0
2150629701,중급스페인어,GENERAL_ELECTIVE,교양교육운영팀,전체학년 전체,0,1,1,1,1,1,0
2150630001,청년기발달과자기이해,GENERAL_ELECTIVE,교양교육운영팀,전체학년 전체,0,1,1,1,1,1,0
2150630201,기업의이해,GENERAL_ELECTIVE,경영학부,전체,0,1,1,1,1,1,0
2150630202,기업의이해,GENERAL_ELECTIVE,경영학부,전체,0,1,1,1,1,1,0
2150630203,기업의이해,GENERAL_ELECTIVE,경영학부,전체,0,1,1,1,1,1,0
2150630204,기업의이해,GENERAL_ELECTIVE,경영학부,전체,0,1,1,1,1,1,0
2150630205,기업의이해,GENERAL_ELECTIVE,경영학부,전체,0,1,1,1,1,1,0
2150630401,East Asian Culture,GENERAL_ELECTIVE,교양교육운영팀,전체학년 교환학생(대상외수강제한),1,1,1,1,1,1,1
2150630402,East Asian Culture,GENERAL_ELECTIVE,교양교육운영팀,전체학년 전체;순수외국인입학생 (대상외수강제한),1,1,1,1,1,1,1
2150631001,리더십과진로계획,GENERAL_ELECTIVE,교양교육운영팀,2학년 전체 (대상외수강제한),0,0,1,0,0,0,1
2150631002,리더십과진로계획,GENERAL_ELECTIVE,교양교육운영팀,2학년 전체 (대상외수강제한),0,0,1,0,0,0,1
2150631003,리더십과진로계획,GENERAL_ELECTIVE,교양교육운영팀,2학년 전체 (대상외수강제한),0,0,1,0,0,0,1
2150631101,취업과경력개발,GENERAL_ELECTIVE,교양교육운영팀,"4학년 전체
5학년 전체 (대상외수강제한)",0,0,0,0,1,0,1
2150631101,취업과경력개발,GENERAL_ELECTIVE,교양교육운영팀,"4학년 전체
5학년 전체 (대상외수강제한)",0,0,0,0,0,1,1
2150631102,취업과경력개발,GENERAL_ELECTIVE,교양교육운영팀,"4학년 전체
5학년 전체 (대상외수강제한)",0,0,0,0,1,0,1
2150631102,취업과경력개발,GENERAL_ELECTIVE,교양교육운영팀,"4학년 전체
5학년 전체 (대상외수강제한)",0,0,0,0,0,1,1
2150631103,취업과경력개발,GENERAL_ELECTIVE,교양교육운영팀,"4학년 전체
5학년 전체 (대상외수강제한)",0,0,0,0,1,0,1
2150631103,취업과경력개발,GENERAL_ELECTIVE,교양교육운영팀,"4학년 전체
5학년 전체 (대상외수강제한)",0,0,0,0,0,1,1
2150631301,초급중국어회화,GENERAL_ELECTIVE,중어중문학과,"전체(중문 제외),(중국국적학생 제외)",0,1,1,1,1,1,0
2150631601,과학기술시대의윤리,GENERAL_ELECTIVE,철학과,전체,0,1,1,1,1,1,0
2150631701,서양음악의이해,GENERAL_ELECTIVE,예술창작학부 문예창작전공,전체,0,1,1,1,1,1,0
2150632101,추리와논증,GENERAL_ELECTIVE,교양교육운영팀,전체학년 전체,0,1,1,1,1,1,0
2150632801,Global Issues,GENERAL_ELECTIVE,교양교육운영팀,전체학년 교환학생(대상외수강제한),1,1,1,1,1,1,1
2150632802,Global Issues,GENERAL_ELECTIVE,교양교육운영팀,전체학년 전체;순수외국인입학생 (대상외수강제한),1,1,1,1,1,1,1
2150632803,Global Issues,GENERAL_ELECTIVE,교양교육운영팀,전체학년 전체;순수외국인입학생 (대상외수강제한),1,1,1,1,1,1,1
2150632901,Product Promotion,GENERAL_ELECTIVE,교양교육운영팀,전체학년 교환학생(대상외수강제한),1,1,1,1,1,1,1
2150637301,공공가치와리더십,GENERAL_ELECTIVE,교양교육운영팀,전체학년 전체,0,1,1,1,1,1,0
2150637302,공공가치와리더십,GENERAL_ELECTIVE,교양교육운영팀,전체학년 전체,0,1,1,1,1,1,0
2150637701,Academic English Listening & Reading,GENERAL_ELECTIVE,교양교육운영팀,전체학년 전체(영어영문학과제외),0,1,1,1,1,1,0
2150637702,Academic English Listening & Reading,GENERAL_ELECTIVE,교양교육운영팀,전체학년 전체(영어영문학과제외),0,1,1,1,1,1,0
2150637901,인문학글쓰기,GENERAL_ELECTIVE,교양교육운영팀,전체학년 전체,0,1,1,1,1,1,0
2150638001,사회과학글쓰기,GENERAL_ELECTIVE,교양교육운영팀,전체학년 전체,0,1,1,1,1,1,0
2150638301,한국교육의이슈와토론,TEACHING,학사팀,전체(순수외국인입학생 제한),0,1,1,1,1,1,0
2150638401,한류와아시아문화교류,GENERAL_ELECTIVE,교양교육운영팀,전체학년 교환학생(대상외수강제한),1,1,1,1,1,1,1
2150638402,한류와아시아문화교류,GENERAL_ELECTIVE,교양교육운영팀,전체학년 ;순수외국인입학생 (대상외수강제한),1,1,1,1,1,1,1
2150638403,한류와아시아문화교류,GENERAL_ELECTIVE,교양교육운영팀,전체학년 전체,0,1,1,1,1,1,0
2150652901,건축학개론,GENERAL_ELECTIVE,건축학부,전체(건축학부 제외),0,1,1,1,1,1,0
2150653001,일본영상예술과문학,GENERAL_ELECTIVE,일어일문학과,전체,0,1,1,1,1,1,0
2150653002,일본영상예술과문학,GENERAL_ELECTIVE,일어일문학과,전체,0,1,1,1,1,1,0
2150653101,오페라로사회사읽기,GENERAL_ELECTIVE,교양교육운영팀,전체학년 전체,0,1,1,1,1,1,0
2150654001,에로스와타나토스,GENERAL_ELECTIVE,철학과,전체,0,1,1,1,1,1,0
2150654002,에로스와타나토스,GENERAL_ELECTIVE,철학과,전체,0,1,1,1,1,1,0
2150654003,에로스와타나토스,GENERAL_ELECTIVE,철학과,전체,0,1,1,1,1,1,0
2150654102,심리학의이해,GENERAL_ELECTIVE,교양교육운영팀,전체학년 전체,0,1,1,1,1,1,0
2150654103,심리학의이해,GENERAL_ELECTIVE,교양교육운영팀,전체학년 전체,0,1,1,1,1,1,0
2150654104,심리학의이해,GENERAL_ELECTIVE,교양교육운영팀,전체학년 전체,0,1,1,1,1,1,0
2150654501,동영상콘텐츠제작과활용,GENERAL_ELECTIVE,교양교육운영팀,전체학년 전체,0,1,1,1,1,1,0
2150654502,동영상콘텐츠제작과활용,GENERAL_ELECTIVE,교양교육운영팀,전체학년 전체,0,1,1,1,1,1,0
2150654601,음향의이해와활용,GENERAL_ELECTIVE,교양교육운영팀,전체학년 전체,0,1,1,1,1,1,0
2150654901,독서토론세미나,GENERAL_ELECTIVE,교양교육운영팀,전체학년 전체,0,1,1,1,1,1,0
2150654902,독서토론세미나,GENERAL_ELECTIVE,교양교육운영팀,전체학년 전체,0,1,1,1,1,1,0
2150654903,독서토론세미나,GENERAL_ELECTIVE,교양교육운영팀,전체학년 ;순수외국인입학생 (대상외수강제한),1,1,1,1,1,1,1
2150654904,독서토론세미나,GENERAL_ELECTIVE,교양교육운영팀,전체학년 ;순수외국인입학생 (대상외수강제한),1,1,1,1,1,1,1
2150654905,독서토론세미나,GENERAL_ELECTIVE,교양교육운영팀,전체학년 ;순수외국인입학생 (대상외수강제한),1,1,1,1,1,1,1
2150663402,한반도평화와통일,GENERAL_REQUIRED,교양교육운영팀,"2학년 전체
3학년 전체
4학년 전체
5학년 전체 (대상외수강제한)",0,0,1,0,0,0,1
2150663402,한반도평화와통일,GENERAL_REQUIRED,교양교육운영팀,"2학년 전체
3학년 전체
4학년 전체
5학년 전체 (대상외수강제한)",0,0,0,1,0,0,1
2150663402,한반도평화와통일,GENERAL_REQUIRED,교양교육운영팀,"2학년 전체
3학년 전체
4학년 전체
5학년 전체 (대상외수강제한)",0,0,0,0,1,0,1
2150663402,한반도평화와통일,GENERAL_REQUIRED,교양교육운영팀,"2학년 전체
3학년 전체
4학년 전체
5학년 전체 (대상외수강제한)",0,0,0,0,0,1,1
2150663702,스프레드시트고급활용,GENERAL_ELECTIVE,교양교육운영팀,전체학년 전체,0,1,1,1,1,1,0
2150663703,스프레드시트고급활용,GENERAL_ELECTIVE,교양교육운영팀,전체학년 전체,0,1,1,1,1,1,0
2150664001,South-North Korean Relations in Historic,GENERAL_ELECTIVE,교양교육운영팀,전체학년 교환학생(대상외수강제한),1,1,1,1,1,1,1
2150664101,"Understanding of Korea, China&Japan",GENERAL_ELECTIVE,교양교육운영팀,전체학년 교환학생(대상외수강제한),1,1,1,1,1,1,1
2150664201,합창과공동체인성,GENERAL_ELECTIVE,교양교육운영팀,전체학년 전체,0,1,1,1,1,1,0
2150664202,합창과공동체인성,GENERAL_ELECTIVE,교양교육운영팀,전체학년 전체,0,1,1,1,1,1,0
2150664203,합창과공동체인성,GENERAL_ELECTIVE,교양교육운영팀,전체학년 전체,0,1,1,1,1,1,0
2150664204,합창과공동체인성,GENERAL_ELECTIVE,교양교육운영팀,전체학년 전체,0,1,1,1,1,1,0
2150670501,국가와법,GENERAL_ELECTIVE,법학과,전체,0,1,1,1,1,1,0
2150670502,국가와법,GENERAL_ELECTIVE,법학과,전체,0,1,1,1,1,1,0
2150684401,학교폭력예방및학생의이해,TEACHING,학사팀,"3학년 전체;교직이수자
4학년 전체;교직이수자",3,0,0,1,0,0,0
2150684401,학교폭력예방및학생의이해,TEACHING,학사팀,"3학년 전체;교직이수자
4학년 전체;교직이수자",3,0,0,0,1,0,0
2150688401,양자나노소재프로그래밍,OTHER,물리학과,전체,0,1,1,1,1,1,0
2150695101,Writing and speaking English I,GENERAL_ELECTIVE,벤처경영학과(계약학과),전체,0,1,1,1,1,1,0
2150869201,대학물리,GENERAL_ELECTIVE,물리학과,전체학년 전체(물리학과 제외),0,1,1,1,1,1,0
2150869301,대학화학,GENERAL_ELECTIVE,화학과,전체(화학과 제외),0,1,1,1,1,1,0
2150900001,교원양성특강1,TEACHING,학사팀,전체(순수외국인입학생 제한),0,1,1,1,1,1,0
2150915001,Soongsil Honor Code,GENERAL_ELECTIVE,교양교육운영팀,전체학년 전체,0,1,1,1,1,1,0
2150915002,Soongsil Honor Code,GENERAL_ELECTIVE,교양교육운영팀,전체학년 전체,0,1,1,1,1,1,0
2150915501,영화 Shot by Shot,GENERAL_ELECTIVE,예술창작학부 영화예술전공,전체,0,1,1,1,1,1,0
2150915502,영화 Shot by Shot,GENERAL_ELECTIVE,예술창작학부 영화예술전공,전체,0,1,1,1,1,1,0
2160598401,논문연구 I,OTHER,정보과학대학원,전체,0,1,1,1,1,1,0
2160770901,기업과회계,OTHER,전문경영학과,전체,0,1,1,1,1,1,0
5008818701,조직행동론,OTHER,전문경영학과,전체,0,1,1,1,1,1,0
5008818702,조직행동론,OTHER,전문경영학과,전체,0,1,1,1,1,1,0
5010542201,창의성과문제해결,GENERAL_ELECTIVE,평생교육학과,전체,0,1,1,1,1,1,0
5010543101,자기주도적학습,GENERAL_ELECTIVE,교양교육운영팀,전체학년 전체,0,1,1,1,1,1,0
5010543102,자기주도적학습,GENERAL_ELECTIVE,교양교육운영팀,전체학년 전체,0,1,1,1,1,1,0
5010588001,Practical English Listening & Reading,GENERAL_ELECTIVE,교양교육운영팀,전체학년 전체(영어영문학과제외),0,1,1,1,1,1,0
5010588002,Practical English Listening & Reading,GENERAL_ELECTIVE,교양교육운영팀,전체학년 전체(영어영문학과제외),0,1,1,1,1,1,0
5010600301,마케팅관리,OTHER,전문경영학과,전체,0,1,1,1,1,1,0
5011868701,교육과정,TEACHING,학사팀,순수외국인입학생 제한,0,1,1,1,1,1,0
5012325201,특수교육학개론,TEACHING,학사팀,"3학년 전체;교직이수자
4학년 전체;교직이수자",3,0,0,1,0,0,0
5012325201,특수교육학개론,TEACHING,학사팀,"3학년 전체;교직이수자
4학년 전체;교직이수자",3,0,0,0,1,0,0
5022202901,교육평가,TEACHING,학사팀,순수외국인입학생 제한,0,1,1,1,1,1,0
5022706701,교직실무,TEACHING,학사팀,"3학년 전체;교직이수자
4학년 전체;교직이수자",3,0,0,1,0,0,0
5022706701,교직실무,TEACHING,학사팀,"3학년 전체;교직이수자
4학년 전체;교직이수자",3,0,0,0,1,0,0
5027248601,정보보안,OTHER,정보과학대학원,전체,0,1,1,1,1,1,0
5027588101,대학기초영어,GENERAL_ELECTIVE,교양교육운영팀,전체학년 ;순수외국인입학생 (대상외수강제한),1,1,1,1,1,1,1
5027588102,대학기초영어,GENERAL_ELECTIVE,교양교육운영팀,전체학년 ;순수외국인입학생 (대상외수강제한),1,1,1,1,1,1,1
5027588103,대학기초영어,GENERAL_ELECTIVE,교양교육운영팀,전체학년 전체,0,1,1,1,1,1,0
5027588104,대학기초영어,GENERAL_ELECTIVE,교양교육운영팀,전체학년 전체,0,1,1,1,1,1,0
5030188401,마케팅원론,OTHER,전문경영학과,전체,0,1,1,1,1,1,0
5039058001,한국문화의이해Ⅱ,OTHER,전문경영학과,전체,0,1,1,1,1,1,0
5040684501,경영학의 기초,OTHER,전문경영학과,전체,0,1,1,1,1,1,0
5042252901,금융빅데이터연구,OTHER,금융기술융합학과,전체,0,1,1,1,1,1,0
5042258201,블록체인방법론,OTHER,금융기술융합학과,전체,0,1,1,1,1,1,0
5043944101,운영관리원론,OTHER,전문경영학과,전체,0,1,1,1,1,1,0
5043944301,경영정보시스템원론,OTHER,전문경영학과,전체,0,1,1,1,1,1,0
5043944501,조직행동원론,OTHER,전문경영학과,전체,0,1,1,1,1,1,0
5044155601,경영학의 이해,OTHER,전문경영학과,전체,0,1,1,1,1,1,0
5044723001,데이터전략경영,OTHER,데이터전략경영학과,전체,0,1,1,1,1,1,0
5046082701,재무관리,OTHER,전문경영학과,전체,0,1,1,1,1,1,0
5046774501,자율주행알고리즘특론,OTHER,AI융합학과,전체,0,1,1,1,1,1,0
5047098101,논문연구II,OTHER,정보과학대학원,전체,0,1,1,1,1,1,0
5047200201,비즈니스 한국어,OTHER,전문경영학과,전체,0,1,1,1,1,1,0
5047200601,경영과 문화,OTHER,전문경영학과,전체,0,1,1,1,1,1,0
5048284301,얼굴의 철학,OTHER,기독교인문사회학과,전체,0,1,1,1,1,1,0
5048921401,Co-op프로젝트1,OTHER,소프트웨어학과,전체,0,1,1,1,1,1,0
5050473301,e-비즈니스의 이해,OTHER,전문경영학과,전체,0,1,1,1,1,1,0
5050474001,전공기초 한국어,OTHER,전문경영학과,전체,0,1,1,1,1,1,0
5051244701,디지털 경영학의 이해,OTHER,전문경영학과,전체,0,1,1,1,1,1,0
5051245001,마케팅경영전략,OTHER,전문경영학과,전체,0,1,1,1,1,1,0
5052350701,금융의이해,OTHER,전문경영학과,전체,0,1,1,1,1,1,0
5052351101,재무관리원론,OTHER,전문경영학과,전체,0,1,1,1,1,1,0
5052351901,공급체인경영,OTHER,전문경영학과,전체,0,1,1,1,1,1,0
5052352301,데이터사이언스,OTHER,전문경영학과,전체,0,1,1,1,1,1,0
5053192001,차세대정보보호이론,OTHER,AI융합보안학과,전체,0,1,1,1,1,1,0
5053192401,네트워크보안,OTHER,AI융합보안학과,전체,0,1,1,1,1,1,0
5054483301,인공지능,OTHER,AI융합보안학과,전체,0,1,1,1,1,1,0
5055340001,디지털 리스크와 기술 거버넌스,OTHER,데이터전략경영학과,전체,0,1,1,1,1,1,0
5055369701,블록체인 설계,OTHER,AI미디어학과,전체,0,1,1,1,1,1,0
5055374801,ITCEO세미나 3,OTHER,정보과학대학원,전체,0,1,1,1,1,1,0
5055397401,인공지능과 법(LOAI),OTHER,정보과학대학원,전체,0,1,1,1,1,1,0
5055467401,데이터베이스특론,OTHER,AI융합보안학과,전체,0,1,1,1,1,1,0
5055476301,시계열분석,OTHER,금융기술융합학과,전체,0,1,1,1,1,1,0
5055476501,자연어처리특론,OTHER,소프트웨어학과,전체,0,1,1,1,1,1,0
5055477701,연구방법론 II,OTHER,미래교육경영학과,전체,0,1,1,1,1,1,0
5055478001,교육시장 마케팅관리,OTHER,미래교육경영학과,전체,0,1,1,1,1,1,0
